Order_ID,Customer_ID,Order_Date,Product,Quantity,Sales_Value,Status 
O1001,C001,2026-07-02,Industrial Sensor,10,125000,Closed 
O1002,C002,2026-07-04,Control Unit,5,85000,Closed 
O1003,C003,2026-07-06,Industrial Sensor,15,180000,Closed 
O1004,C004,2026-07-08,Automation Panel,2,150000,Open 
O1005,C005,2026-07-10,Control Unit,8,120000,Closed 
O1006,C006,2026-07-12,Automation Panel,4,310000,Closed 
O1007,C007,2026-07-14,Industrial Sensor,20,210000,Open 
O1008,C008,2026-07-16,Control Unit,12,175000,Closed 
O1009,C009,2026-07-18,Automation Panel,3,225000,Closed 
O1010,C010,2026-07-20,Industrial Sensor,7,76000,Cancelled 
O1011,C011,2026-07-22,Control Unit,6,95000,Closed 
O1012,C012,2026-07-24,Automation Panel,5,390000,Closed 
O1013,C013,2026-07-26,Industrial Sensor,18,205000,Open 
O1014,C014,2026-07-28,Automation Panel,6,475000,Closed 
O1015,C015,2026-07-30,Control Unit,10,145000,Open 
O1016,C001,2026-08-03,Automation Panel,3,235000,Closed 
O1017,C003,2026-08-05,Control Unit,14,215000,Closed 
O1018,C005,2026-08-07,Industrial Sensor,12,135000,Open 
O1019,C006,2026-08-09,Industrial Sensor,25,295000,Closed 
O1020,C007,2026-08-11,Control Unit,9,130000,Closed 
O1021,C008,2026-08-13,Automation Panel,4,325000,Open 
O1022,C009,2026-08-15,Control Unit,11,155000,Closed 
O1023,C010,2026-08-17,Automation Panel,2,165000,Closed 
O1024,C011,2026-08-19,Industrial Sensor,16,175000,Closed 
O1025,C012,2026-08-21,Control Unit,13,190000,Closed 
O1026,C013,2026-08-23,Automation Panel,3,245000,Open 
O1027,C014,2026-08-25,Industrial Sensor,30,340000,Closed 
O1028,C015,2026-08-27,Automation Panel,2,170000,Cancelled 
O1029,C001,2026-09-02,Control Unit,15,225000,Open 
O1030,C004,2026-09-04,Industrial Sensor,22,250000,Closed 
O1031,C006,2026-09-06,Control Unit,10,155000,Closed 
O1032,C008,2026-09-08,Industrial Sensor,20,240000,Closed 
O1033,C012,2026-09-10,Industrial Sensor,24,275000,Open 
O1034,C014,2026-09-12,Control Unit,18,260000,Closed 
O1035,C003,2026-09-14,Automation Panel,3,255000,Open 
O1036,C009,2026-09-16,Industrial Sensor,13,150000,Closed